{
  "users": [
    {
      "userName": "admin",
      "password": "Admin@123"
    },
    {
      "userName": "test",
      "password": "test@123"
    }
  ],
  "employees": [
    {
      "id": 1,
      "firstName": "Joe",
      "lastName": "Daniel",
      "dob": "1985-05-15",
      "gender": "male",
      "email": "john.doe@example.com",
      "company": "Google",
      "qualification": "Bachelor's Degree",
      "experience": "8 years",
      "package": "$60,000"
    },
    {
      "id": 2,
      "firstName": "Jane",
      "lastName": "Smith",
      "dob": "1990-09-28",
      "gender": "male",
      "email": "jane.smith@example.com",
      "company": "Microsoft",
      "qualification": "Master's Degree",
      "experience": "5 years",
      "package": "$80,000"
    },
    {
      "id": 3,
      "firstName": "Michael",
      "lastName": "Johnson",
      "dob": "1988-02-10",
      "gender": "Male",
      "email": "michael.j@example.com",
      "company": "LMN Corp.",
      "qualification": "Bachelor's Degree",
      "experience": "6 years",
      "package": "$70,000"
    },
    {
      "id": 4,
      "firstName": "Krutika",
      "lastName": "Rawal",
      "dob": "2001-12-30",
      "gender": "female",
      "email": "krutika@gmail.com",
      "company": "ABC Ltd.",
      "qualification": "BE",
      "experience": "1 year",
      "package": "500000"
    },
    {
      "id": 5,
      "firstName": "kailas",
      "lastName": "jha",
      "dob": "2001-03-15",
      "gender": "male",
      "email": "k@gmail.com",
      "company": "XYZ Ltd.",
      "qualification": "Be",
      "experience": "4",
      "package": "6"
    },
    {
      "id": 6,
      "firstName": "Apurva",
      "lastName": "Jadhav",
      "dob": "2002-02-05",
      "gender": "female",
      "email": "apu@gmail.com",
      "company": "Aress",
      "qualification": "BE",
      "experience": "1 year",
      "package": "5 LPA"
    }
  ]
}